{"cameraMode":{"drawMode":0,"name":"Shaded","section":"Shading Mode"},"sceneLighting":false,"audioPlay":false,"sceneViewState":{"showFog":true,"showMaterialUpdate":true,"showSkybox":false,"showFlares":true,"showImageEffects":true,"showParticleSystems":true},"in2DMode":false,"pivot":{"x":-0.03309798240661621,"y":0.7894806861877441,"z":1.0133795738220215},"rotation":{"x":-0.005754155106842518,"y":-0.5373555421829224,"z":0.0036689341068267824,"w":-0.8433409333229065},"size":0.08660253882408142,"orthographic":false}