{"cameraMode":{"drawMode":0,"name":"Shaded","section":"Shading Mode"},"sceneLighting":false,"audioPlay":false,"sceneViewState":{"showFog":true,"showMaterialUpdate":true,"showSkybox":false,"showFlares":true,"showImageEffects":true,"showParticleSystems":true},"in2DMode":false,"pivot":{"x":-10.069999694824219,"y":0.8896126747131348,"z":0.03476715087890625},"rotation":{"x":0.3180919885635376,"y":0.30467990040779116,"z":-0.10872088372707367,"w":0.8911965489387512},"size":45.039703369140628,"orthographic":false}