{"cameraMode":{"drawMode":0,"name":"Shaded","section":"Shading Mode"},"sceneLighting":false,"audioPlay":false,"sceneViewState":{"showFog":true,"showMaterialUpdate":true,"showSkybox":false,"showFlares":true,"showImageEffects":true,"showParticleSystems":true},"in2DMode":false,"pivot":{"x":0.1589999794960022,"y":1.8200000524520875,"z":4.71999979019165},"rotation":{"x":0.0265340693295002,"y":-0.7638867497444153,"z":-0.03147176653146744,"w":-0.644054114818573},"size":0.42365971207618716,"orthographic":false}