{"cameraMode":{"drawMode":0,"name":"Shaded","section":"Shading Mode"},"sceneLighting":true,"audioPlay":false,"sceneViewState":{"showFog":true,"showMaterialUpdate":true,"showSkybox":true,"showFlares":true,"showImageEffects":true,"showParticleSystems":true},"in2DMode":false,"pivot":{"x":0.5754616260528565,"y":-3.501547336578369,"z":20.096839904785158},"rotation":{"x":0.11606832593679428,"y":0.1058826744556427,"z":-0.01244896836578846,"w":0.9875078797340393},"size":163.39694213867188,"orthographic":false}